{
    "loss": 20.40226173400879,
    "accuracy": 0.4313725531101227
}