{
    "loss": 8.486869812011719,
    "accuracy": 0.5686274766921997
}