{
    "loss": 12.30505084991455,
    "accuracy": 0.5686274766921997
}