{
    "loss": 6.589273452758789,
    "accuracy": 0.4313725531101227
}